PRAGMA foreign_keys = on;

--PISOS
INSERT INTO Piso (numero_piso) VALUES (2);
INSERT INTO Piso (numero_piso) VALUES (0);
INSERT INTO Piso (numero_piso) VALUES (-1);
INSERT INTO Piso (numero_piso) VALUES (1);
INSERT INTO Piso (numero_piso) VALUES (-2);

--ESTACIONAMENTOS
INSERT INTO Estacionamento (numero_estacionamento,max_lugares,taxa) VALUES (-1,120,0.001);
INSERT INTO Estacionamento (numero_estacionamento,max_lugares,taxa) VALUES (-2,120,0.001);

--EMPRESAS
INSERT INTO Empresa (nome_empresa) VALUES ('Desigual');
INSERT INTO Empresa (nome_empresa) VALUES ('Cinemas NOS');
INSERT INTO Empresa (nome_empresa) VALUES ('Jumbo');
INSERT INTO Empresa (nome_empresa) VALUES ('Energy');
INSERT INTO Empresa (nome_empresa) VALUES ('Cabeleireiros Jorge');
INSERT INTO Empresa (nome_empresa) VALUES ('Chamilar');
INSERT INTO Empresa (nome_empresa) VALUES ('Altavista');
INSERT INTO Empresa (nome_empresa) VALUES ('Apple');
INSERT INTO Empresa (nome_empresa) VALUES ('Worten');
INSERT INTO Empresa (nome_empresa) VALUES ('NewClean Limpeza');
INSERT INTO Empresa (nome_empresa) VALUES ('ElevaMax Manutenção de Elevadores e Escadas Rolantes');
INSERT INTO Empresa (nome_empresa) VALUES ('MES Manutenção Elétrica');
INSERT INTO Empresa (nome_empresa) VALUES ('TOPSegur Segurança Privada Lda');

--ESPACOS
INSERT INTO Espaco (numero_espaco,numero_piso,dimensoes) VALUES (1,1,500);
INSERT INTO Espaco (numero_espaco,numero_piso,dimensoes) VALUES (2,1,120);
INSERT INTO Espaco (numero_espaco,numero_piso,dimensoes) VALUES (3,1,120);
INSERT INTO Espaco (numero_espaco,numero_piso,dimensoes) VALUES (1,2,80);
INSERT INTO Espaco (numero_espaco,numero_piso,dimensoes) VALUES (2,2,200);
INSERT INTO Espaco (numero_espaco,numero_piso,dimensoes) VALUES (3,0,200);
INSERT INTO Espaco (numero_espaco,numero_piso,dimensoes) VALUES (2,0,80);
INSERT INTO Espaco (numero_espaco,numero_piso,dimensoes) VALUES (3,2,80);
INSERT INTO Espaco (numero_espaco,numero_piso,dimensoes) VALUES (1,0,80);
INSERT INTO Espaco (numero_espaco,numero_piso,dimensoes) VALUES (4,0,80);
INSERT INTO Espaco (numero_espaco,numero_piso,dimensoes) VALUES (4,1,80);
INSERT INTO Espaco (numero_espaco,numero_piso,dimensoes) VALUES (4,2,80);
INSERT INTO Espaco (numero_espaco,numero_piso,dimensoes) VALUES (6,2,80);
INSERT INTO Espaco (numero_espaco,numero_piso,dimensoes) VALUES (7,2,80);
INSERT INTO Espaco (numero_espaco,numero_piso,dimensoes) VALUES (5,2,80);
INSERT INTO Espaco (numero_espaco,numero_piso,dimensoes) VALUES (5,1,80);
INSERT INTO Espaco (numero_espaco,numero_piso,dimensoes) VALUES (6,1,80);
INSERT INTO Espaco (numero_espaco,numero_piso,dimensoes) VALUES (7,1,80);

--CASAS DE BANHO
INSERT INTO Casa_de_Banho (numero_espaco,numero_piso,tipo_casa_de_banho) VALUES (6,2,'Fraldário');
INSERT INTO Casa_de_Banho (numero_espaco,numero_piso,tipo_casa_de_banho) VALUES (7,2,'Masculina');
INSERT INTO Casa_de_Banho (numero_espaco,numero_piso,tipo_casa_de_banho) VALUES (5,2,'Feminina');
INSERT INTO Casa_de_Banho (numero_espaco,numero_piso,tipo_casa_de_banho) VALUES (5,1,'Masculina');
INSERT INTO Casa_de_Banho (numero_espaco,numero_piso,tipo_casa_de_banho) VALUES (6,1,'Feminina');
INSERT INTO Casa_de_Banho (numero_espaco,numero_piso,tipo_casa_de_banho) VALUES (7,1,'Necessidades Especiais');

--MANAGERS
INSERT INTO Funcionario_Interno (nome) VALUES ('Malone Salone');
INSERT INTO Funcionario_Interno (nome) VALUES ('August Mary');
INSERT INTO Funcionario_Interno (nome) VALUES ('John Krasinsky');
INSERT INTO Funcionario_Interno (nome) VALUES ('Jason Dudrubius');
INSERT INTO Funcionario_Interno (nome) VALUES ('Francis Bacon');
INSERT INTO Funcionario_Interno (nome) VALUES ('Catherine Anexius');
INSERT INTO Funcionario_Interno (nome) VALUES ('Kalola Miluaki');
INSERT INTO Funcionario_Interno (nome) VALUES ('Josh Aberdeen');
INSERT INTO Funcionario_Interno (nome) VALUES ('Bruce Wayne');

--ESTABELECIMENTOS
INSERT INTO Estabelecimento (nome_empresa,numero_espaco,numero_piso,tipo_de_estabelecimento, ID_manager) VALUES ('Chamilar',2,1,'Loja',1);
INSERT INTO Estabelecimento (nome_empresa,numero_espaco,numero_piso,tipo_de_estabelecimento, ID_manager) VALUES ('Worten',3,0,'Loja',2);
INSERT INTO Estabelecimento (nome_empresa,numero_espaco,numero_piso,tipo_de_estabelecimento, ID_manager) VALUES ('Cinemas NOS',1,1,'Lazer',3);
INSERT INTO Estabelecimento (nome_empresa,numero_espaco,numero_piso,tipo_de_estabelecimento, ID_manager) VALUES ('Altavista',3,2,'Loja',4);
INSERT INTO Estabelecimento (nome_empresa,numero_espaco,numero_piso,tipo_de_estabelecimento, ID_manager) VALUES ('Cabeleireiros Jorge',3,1,'Saude e Bem-Estar',5);
INSERT INTO Estabelecimento (nome_empresa,numero_espaco,numero_piso,tipo_de_estabelecimento, ID_manager) VALUES ('Energy',2,0,'Loja',6);
INSERT INTO Estabelecimento (nome_empresa,numero_espaco,numero_piso,tipo_de_estabelecimento, ID_manager) VALUES ('Apple',1,2,'Loja',7);
INSERT INTO Estabelecimento (nome_empresa,numero_espaco,numero_piso,tipo_de_estabelecimento, ID_manager) VALUES ('Jumbo',2,2,'Loja',8);
INSERT INTO Estabelecimento (nome_empresa,numero_espaco,numero_piso,tipo_de_estabelecimento, ID_manager) VALUES ('Desigual',1,0,'Loja',9);

--CONTRATOS
INSERT INTO Contrato (nome_empresa,data_inicio,data_fim,frequencia_pagamento,valor_pagamento) VALUES ('Jumbo','2020-02-03','2025-12-08','mensal',9640);
INSERT INTO Contrato (nome_empresa,data_inicio,data_fim,frequencia_pagamento,valor_pagamento) VALUES ('Desigual','2020-01-05','2024-10-02','trimestral',18817);
INSERT INTO Contrato (nome_empresa,data_inicio,data_fim,frequencia_pagamento,valor_pagamento) VALUES ('Chamilar','2020-01-09','2022-12-12','semanal',2475);
INSERT INTO Contrato (nome_empresa,data_inicio,data_fim,frequencia_pagamento,valor_pagamento) VALUES ('Cabeleireiros Jorge','2020-01-11','2024-12-04','anual',84048);
INSERT INTO Contrato (nome_empresa,data_inicio,data_fim,frequencia_pagamento,valor_pagamento) VALUES ('Apple','2021-01-05','2024-12-01','semanal',1925);
INSERT INTO Contrato (nome_empresa,data_inicio,data_fim,frequencia_pagamento,valor_pagamento) VALUES ('Worten','2021-01-06','2024-02-10','semanal',2402);
INSERT INTO Contrato (nome_empresa,data_inicio,data_fim,frequencia_pagamento,valor_pagamento) VALUES ('Altavista','2021-01-02','2023-12-12','anual',72919);
INSERT INTO Contrato (nome_empresa,data_inicio,data_fim,frequencia_pagamento,valor_pagamento) VALUES ('Energy','2020-01-10','2024-12-04','anual',72586);
INSERT INTO Contrato (nome_empresa,data_inicio,data_fim,frequencia_pagamento,valor_pagamento) VALUES ('Cinemas NOS','2020-04-09','2023-12-09','semestral',120000);
INSERT INTO Contrato (nome_empresa,data_inicio,data_fim,frequencia_pagamento,valor_pagamento) VALUES ('NewClean Limpeza','2021-01-01','2022-01-01','mensal',-7000);
INSERT INTO Contrato (nome_empresa,data_inicio,data_fim,frequencia_pagamento,valor_pagamento) VALUES ('ElevaMax Manutenção de Elevadores e Escadas Rolantes','2020-01-01','2022-01-01','trimestral',-9000);
INSERT INTO Contrato (nome_empresa,data_inicio,data_fim,frequencia_pagamento,valor_pagamento) VALUES ('MES Manutenção Elétrica','2020-01-01','2022-01-01','mensal',-2000);
INSERT INTO Contrato (nome_empresa,data_inicio,data_fim,frequencia_pagamento,valor_pagamento) VALUES ('TOPSegur Segurança Privada Lda', '2021-01-01','2022-01-01', 'mensal', -10000);

--FUNCIONÁRIOS INTERNOS
INSERT INTO Funcionario_Interno (nome,numero_espaco,numero_piso,nome_empresa) VALUES ('Neville Soto',1,0,'Desigual');
INSERT INTO Funcionario_Interno (nome,numero_espaco,numero_piso,nome_empresa) VALUES ('Jenna Mueller',2,0,'Energy');
INSERT INTO Funcionario_Interno (nome,numero_espaco,numero_piso,nome_empresa) VALUES ('Dominic Vaughan',3,0,'Worten');
INSERT INTO Funcionario_Interno (nome,numero_espaco,numero_piso,nome_empresa) VALUES ('Jordan Aguirre',3,0,'Worten');
INSERT INTO Funcionario_Interno (nome,numero_espaco,numero_piso,nome_empresa) VALUES ('Boris Bonner',1,1,'Cinemas NOS');
INSERT INTO Funcionario_Interno (nome,numero_espaco,numero_piso,nome_empresa) VALUES ('Cole Morrow',2,1,'Chamilar');
INSERT INTO Funcionario_Interno (nome,numero_espaco,numero_piso,nome_empresa) VALUES ('Kieran Noble',3,1,'Cabeleireiros Jorge');
INSERT INTO Funcionario_Interno (nome,numero_espaco,numero_piso,nome_empresa) VALUES ('Knox Carey',2,1,'Chamilar');
INSERT INTO Funcionario_Interno (nome,numero_espaco,numero_piso,nome_empresa) VALUES ('Jordan Newton',3,1,'Cabeleireiros Jorge');
INSERT INTO Funcionario_Interno (nome,numero_espaco,numero_piso,nome_empresa) VALUES ('Kaseem Davis',1,1,'Cinemas NOS');
INSERT INTO Funcionario_Interno (nome,numero_espaco,numero_piso,nome_empresa) VALUES ('Willa Koch',1,1,'Cinemas NOS');
INSERT INTO Funcionario_Interno (nome,numero_espaco,numero_piso,nome_empresa) VALUES ('Carolyn Meyer',1,2,'Apple');
INSERT INTO Funcionario_Interno (nome,numero_espaco,numero_piso,nome_empresa) VALUES ('Kitra Ross',2,1,'Chamilar');
INSERT INTO Funcionario_Interno (nome,numero_espaco,numero_piso,nome_empresa) VALUES ('Rafael Patel',2,0,'Energy');
INSERT INTO Funcionario_Interno (nome,numero_espaco,numero_piso,nome_empresa) VALUES ('Mark Richards',2,2,'Jumbo');
INSERT INTO Funcionario_Interno (nome,numero_espaco,numero_piso,nome_empresa) VALUES ('Leigh Shaffer',2,1,'Chamilar');
INSERT INTO Funcionario_Interno (nome,numero_espaco,numero_piso,nome_empresa) VALUES ('Vernon Whitley',2,2,'Jumbo');
INSERT INTO Funcionario_Interno (nome,numero_espaco,numero_piso,nome_empresa) VALUES ('Caleb Davis',3,0,'Worten');
INSERT INTO Funcionario_Interno (nome,numero_espaco,numero_piso,nome_empresa) VALUES ('Tyrone Burns',1,1,'Cinemas NOS');
INSERT INTO Funcionario_Interno (nome,numero_espaco,numero_piso,nome_empresa) VALUES ('Minerva Peterson',2,1,'Chamilar');
INSERT INTO Funcionario_Interno (nome,numero_espaco,numero_piso,nome_empresa) VALUES ('Larissa Wong',2,2,'Jumbo');
INSERT INTO Funcionario_Interno (nome,numero_espaco,numero_piso,nome_empresa) VALUES ('Bree Park',3,1,'Cabeleireiros Jorge');
INSERT INTO Funcionario_Interno (nome,numero_espaco,numero_piso,nome_empresa) VALUES ('Keane Jenkins',1,1,'Cinemas NOS');
INSERT INTO Funcionario_Interno (nome,numero_espaco,numero_piso,nome_empresa) VALUES ('Carlos Park',1,2,'Apple');
INSERT INTO Funcionario_Interno (nome,numero_espaco,numero_piso,nome_empresa) VALUES ('Cruz Logan',1,0,'Desigual');
INSERT INTO Funcionario_Interno (nome,numero_espaco,numero_piso,nome_empresa) VALUES ('Ashton Buchanan',1,1,'Cinemas NOS');
INSERT INTO Funcionario_Interno (nome,numero_espaco,numero_piso,nome_empresa) VALUES ('Nayda Kennedy',3,0,'Worten');
INSERT INTO Funcionario_Interno (nome,numero_espaco,numero_piso,nome_empresa) VALUES ('Logan Swanson',2,0,'Energy');
INSERT INTO Funcionario_Interno (nome,numero_espaco,numero_piso,nome_empresa) VALUES ('Justin Flowers',3,2,'Altavista');
INSERT INTO Funcionario_Interno (nome,numero_espaco,numero_piso,nome_empresa) VALUES ('Cara Roberts',1,2,'Apple');

--PRESTADORES DE SERVIÇOS
INSERT INTO Prestador_de_Servico (nome_empresa,tipo_servico) VALUES ('NewClean Limpeza','Limpeza');
INSERT INTO Prestador_de_Servico (nome_empresa,tipo_servico) VALUES ('TOPSegur Segurança Privada Lda','Segurança');
INSERT INTO Prestador_de_Servico (nome_empresa,tipo_servico) VALUES ('MES Manutenção Elétrica','Manutenção');
INSERT INTO Prestador_de_Servico (nome_empresa,tipo_servico) VALUES ('ElevaMax Manutenção de Elevadores e Escadas Rolantes','Manutenção');

--FUNCIONÁRIOS EXTERNOS
INSERT INTO Funcionario_Externo (ID_funcionario,nome,nome_empresa) VALUES (1,'Brynne Conley','TOPSegur Segurança Privada Lda');
INSERT INTO Funcionario_Externo (ID_funcionario,nome,nome_empresa) VALUES (2,'Kalia Russo','NewClean Limpeza');
INSERT INTO Funcionario_Externo (ID_funcionario,nome,nome_empresa) VALUES (3,'Thor Curry','MES Manutenção Elétrica');
INSERT INTO Funcionario_Externo (ID_funcionario,nome,nome_empresa) VALUES (4,'Kameko Marsh','TOPSegur Segurança Privada Lda');
INSERT INTO Funcionario_Externo (ID_funcionario,nome,nome_empresa) VALUES (5,'Thor Duke','TOPSegur Segurança Privada Lda');
INSERT INTO Funcionario_Externo (ID_funcionario,nome,nome_empresa) VALUES (6,'Blake Wong','ElevaMax Manutenção de Elevadores e Escadas Rolantes');
INSERT INTO Funcionario_Externo (ID_funcionario,nome,nome_empresa) VALUES (7,'Brody Whitehead','TOPSegur Segurança Privada Lda');
INSERT INTO Funcionario_Externo (ID_funcionario,nome,nome_empresa) VALUES (8,'Jenette Hudson','ElevaMax Manutenção de Elevadores e Escadas Rolantes');
INSERT INTO Funcionario_Externo (ID_funcionario,nome,nome_empresa) VALUES (9,'Victor Berger','TOPSegur Segurança Privada Lda');
INSERT INTO Funcionario_Externo (ID_funcionario,nome,nome_empresa) VALUES (10,'Reed Cantu','MES Manutenção Elétrica');
INSERT INTO Funcionario_Externo (ID_funcionario,nome,nome_empresa) VALUES (11,'Charity Carter','NewClean Limpeza');
INSERT INTO Funcionario_Externo (ID_funcionario,nome,nome_empresa) VALUES (12,'Kalia Snyder','MES Manutenção Elétrica');
INSERT INTO Funcionario_Externo (ID_funcionario,nome,nome_empresa) VALUES (13,'Shaine Nunez','TOPSegur Segurança Privada Lda');
INSERT INTO Funcionario_Externo (ID_funcionario,nome,nome_empresa) VALUES (14,'Hope Ramirez','TOPSegur Segurança Privada Lda');
INSERT INTO Funcionario_Externo (ID_funcionario,nome,nome_empresa) VALUES (15,'Wesley Rich','ElevaMax Manutenção de Elevadores e Escadas Rolantes');
INSERT INTO Funcionario_Externo (ID_funcionario,nome,nome_empresa) VALUES (16,'Hillary Bauer','TOPSegur Segurança Privada Lda');
INSERT INTO Funcionario_Externo (ID_funcionario,nome,nome_empresa) VALUES (17,'Teagan Pope','TOPSegur Segurança Privada Lda');
INSERT INTO Funcionario_Externo (ID_funcionario,nome,nome_empresa) VALUES (18,'Dawn Luna','TOPSegur Segurança Privada Lda');
INSERT INTO Funcionario_Externo (ID_funcionario,nome,nome_empresa) VALUES (19,'Jackson Harding','MES Manutenção Elétrica');
INSERT INTO Funcionario_Externo (ID_funcionario,nome,nome_empresa) VALUES (20,'Howard Heath','ElevaMax Manutenção de Elevadores e Escadas Rolantes');
INSERT INTO Funcionario_Externo (ID_funcionario,nome,nome_empresa) VALUES (21,'Lacota Landry','NewClean Limpeza');
INSERT INTO Funcionario_Externo (ID_funcionario,nome,nome_empresa) VALUES (22,'Petra Henson','ElevaMax Manutenção de Elevadores e Escadas Rolantes');
INSERT INTO Funcionario_Externo (ID_funcionario,nome,nome_empresa) VALUES (23,'Guinevere Mayer','NewClean Limpeza');
INSERT INTO Funcionario_Externo (ID_funcionario,nome,nome_empresa) VALUES (24,'Yolanda Espinoza','ElevaMax Manutenção de Elevadores e Escadas Rolantes');
INSERT INTO Funcionario_Externo (ID_funcionario,nome,nome_empresa) VALUES (25,'Murphy Mcintyre','ElevaMax Manutenção de Elevadores e Escadas Rolantes');
INSERT INTO Funcionario_Externo (ID_funcionario,nome,nome_empresa) VALUES (26,'Eagan Reyes','MES Manutenção Elétrica');
INSERT INTO Funcionario_Externo (ID_funcionario,nome,nome_empresa) VALUES (27,'Skyler Thornton','NewClean Limpeza');
INSERT INTO Funcionario_Externo (ID_funcionario,nome,nome_empresa) VALUES (28,'Desiree Clements','ElevaMax Manutenção de Elevadores e Escadas Rolantes');
INSERT INTO Funcionario_Externo (ID_funcionario,nome,nome_empresa) VALUES (29,'Geoffrey Lawrence','NewClean Limpeza');
INSERT INTO Funcionario_Externo (ID_funcionario,nome,nome_empresa) VALUES (30,'Claudia Sweeney','NewClean Limpeza');

--SERVIÇOS
INSERT INTO Servico (ID_servico,hora,data,ID_funcionario,numero_espaco,numero_piso) VALUES (1,21,'2019-03-16',25,4,2);
INSERT INTO Servico (ID_servico,hora,data,ID_funcionario,numero_espaco,numero_piso) VALUES (2,23,'2019-04-30',20,3,0);
INSERT INTO Servico (ID_servico,hora,data,ID_funcionario,numero_espaco,numero_piso) VALUES (3,15,'2019-07-14',23,1,2);
INSERT INTO Servico (ID_servico,hora,data,ID_funcionario,numero_espaco,numero_piso) VALUES (4,16,'2021-01-09',26,5,2);
INSERT INTO Servico (ID_servico,hora,data,ID_funcionario,numero_espaco,numero_piso) VALUES (5,23,'2021-03-02',10,5,2);
INSERT INTO Servico (ID_servico,hora,data,ID_funcionario,numero_espaco,numero_piso) VALUES (6,17,'2019-11-06',15,1,1);
INSERT INTO Servico (ID_servico,hora,data,ID_funcionario,numero_espaco,numero_piso) VALUES (7,7,'2020-08-03',6,7,1);
INSERT INTO Servico (ID_servico,hora,data,ID_funcionario,numero_espaco,numero_piso) VALUES (8,13,'2020-09-18',7,7,1);
INSERT INTO Servico (ID_servico,hora,data,ID_funcionario,numero_espaco,numero_piso) VALUES (9,21,'2020-02-29',29,3,2);
INSERT INTO Servico (ID_servico,hora,data,ID_funcionario,numero_espaco,numero_piso) VALUES (10,12,'2020-08-30',8,2,0);
INSERT INTO Servico (ID_servico,hora,data,ID_funcionario,numero_espaco,numero_piso) VALUES (11,11,'2019-10-15',3,2,2);
INSERT INTO Servico (ID_servico,hora,data,ID_funcionario,numero_espaco,numero_piso) VALUES (12,9,'2019-11-21',26,5,1);
INSERT INTO Servico (ID_servico,hora,data,ID_funcionario,numero_espaco,numero_piso) VALUES (13,18,'2020-01-07',16,1,2);
INSERT INTO Servico (ID_servico,hora,data,ID_funcionario,numero_espaco,numero_piso) VALUES (14,14,'2020-02-13',30,1,1);
INSERT INTO Servico (ID_servico,hora,data,ID_funcionario,numero_espaco,numero_piso) VALUES (15,21,'2020-12-23',19,7,2);
INSERT INTO Servico (ID_servico,hora,data,ID_funcionario,numero_espaco,numero_piso) VALUES (16,6,'2019-05-26',14,2,0);
INSERT INTO Servico (ID_servico,hora,data,ID_funcionario,numero_espaco,numero_piso) VALUES (17,19,'2019-11-21',20,7,2);
INSERT INTO Servico (ID_servico,hora,data,ID_funcionario,numero_espaco,numero_piso) VALUES (18,20,'2019-10-31',15,2,0);
INSERT INTO Servico (ID_servico,hora,data,ID_funcionario,numero_espaco,numero_piso) VALUES (19,6,'2019-12-07',27,2,1);
INSERT INTO Servico (ID_servico,hora,data,ID_funcionario,numero_espaco,numero_piso) VALUES (20,23,'2020-10-04',9,2,0);
INSERT INTO Servico (ID_servico,hora,data,ID_funcionario,numero_espaco,numero_piso) VALUES (21,14,'2020-05-11',15,4,2);
INSERT INTO Servico (ID_servico,hora,data,ID_funcionario,numero_espaco,numero_piso) VALUES (22,10,'2020-02-11',28,2,1);
INSERT INTO Servico (ID_servico,hora,data,ID_funcionario,numero_espaco,numero_piso) VALUES (23,10,'2019-12-30',8,2,2);
INSERT INTO Servico (ID_servico,hora,data,ID_funcionario,numero_espaco,numero_piso) VALUES (24,17,'2020-09-29',23,6,1);
INSERT INTO Servico (ID_servico,hora,data,ID_funcionario,numero_espaco,numero_piso) VALUES (25,7,'2019-03-03',30,3,2);
INSERT INTO Servico (ID_servico,hora,data,ID_funcionario,numero_espaco,numero_piso) VALUES (26,14,'2019-12-03',16,2,0);
INSERT INTO Servico (ID_servico,hora,data,ID_funcionario,numero_espaco,numero_piso) VALUES (27,7,'2019-05-03',12,6,2);
INSERT INTO Servico (ID_servico,hora,data,ID_funcionario,numero_espaco,numero_piso) VALUES (28,15,'2020-01-06',11,7,1);
INSERT INTO Servico (ID_servico,hora,data,ID_funcionario,numero_espaco,numero_piso) VALUES (29,21,'2020-01-09',7,4,0);
INSERT INTO Servico (ID_servico,hora,data,ID_funcionario,numero_espaco,numero_piso) VALUES (30,23,'2020-08-30',21,3,2);
INSERT INTO Servico (ID_servico,hora,data,ID_funcionario,numero_espaco,numero_piso) VALUES (31,17,'2019-08-20',28,4,2);
INSERT INTO Servico (ID_servico,hora,data,ID_funcionario,numero_espaco,numero_piso) VALUES (32,11,'2020-04-18',6,1,0);
INSERT INTO Servico (ID_servico,hora,data,ID_funcionario,numero_espaco,numero_piso) VALUES (33,9,'2019-10-14',28,6,2);
INSERT INTO Servico (ID_servico,hora,data,ID_funcionario,numero_espaco,numero_piso) VALUES (34,11,'2020-03-26',16,1,2);
INSERT INTO Servico (ID_servico,hora,data,ID_funcionario,numero_espaco,numero_piso) VALUES (35,23,'2019-03-20',4,5,1);
INSERT INTO Servico (ID_servico,hora,data,ID_funcionario,numero_espaco,numero_piso) VALUES (36,20,'2020-07-19',6,3,0);
INSERT INTO Servico (ID_servico,hora,data,ID_funcionario,numero_espaco,numero_piso) VALUES (37,14,'2020-03-13',2,7,1);
INSERT INTO Servico (ID_servico,hora,data,ID_funcionario,numero_espaco,numero_piso) VALUES (38,22,'2021-03-09',16,1,0);
INSERT INTO Servico (ID_servico,hora,data,ID_funcionario,numero_espaco,numero_piso) VALUES (39,21,'2019-05-30',23,2,1);
INSERT INTO Servico (ID_servico,hora,data,ID_funcionario,numero_espaco,numero_piso) VALUES (40,21,'2019-11-17',7,1,2);
INSERT INTO Servico (ID_servico,hora,data,ID_funcionario,numero_espaco,numero_piso) VALUES (41,14,'2020-01-05',11,1,0);
INSERT INTO Servico (ID_servico,hora,data,ID_funcionario,numero_espaco,numero_piso) VALUES (42,19,'2019-06-21',29,7,2);
INSERT INTO Servico (ID_servico,hora,data,ID_funcionario,numero_espaco,numero_piso) VALUES (43,6,'2019-09-25',30,4,0);
INSERT INTO Servico (ID_servico,hora,data,ID_funcionario,numero_espaco,numero_piso) VALUES (44,13,'2019-05-08',22,3,0);
INSERT INTO Servico (ID_servico,hora,data,ID_funcionario,numero_espaco,numero_piso) VALUES (45,11,'2020-01-03',15,1,0);
INSERT INTO Servico (ID_servico,hora,data,ID_funcionario,numero_espaco,numero_piso) VALUES (46,19,'2021-04-03',16,2,0);
INSERT INTO Servico (ID_servico,hora,data,ID_funcionario,numero_espaco,numero_piso) VALUES (47,8,'2020-04-25',24,3,2);
INSERT INTO Servico (ID_servico,hora,data,ID_funcionario,numero_espaco,numero_piso) VALUES (48,9,'2019-07-30',13,6,2);
INSERT INTO Servico (ID_servico,hora,data,ID_funcionario,numero_espaco,numero_piso) VALUES (49,7,'2019-02-18',17,1,2);
INSERT INTO Servico (ID_servico,hora,data,ID_funcionario,numero_espaco,numero_piso) VALUES (50,23,'2020-09-03',26,3,1);

--FISCALIZAÇÕES
INSERT INTO Fiscalizacao (ID_fiscalizacao,data,avaliacao,numero_espaco,numero_piso) VALUES (1,'2020-09-03',3,3,0);
INSERT INTO Fiscalizacao (ID_fiscalizacao,data,avaliacao,numero_espaco,numero_piso) VALUES (2,'2019-03-07',2,3,1);
INSERT INTO Fiscalizacao (ID_fiscalizacao,data,avaliacao,numero_espaco,numero_piso) VALUES (3,'2020-08-25',1,3,1);
INSERT INTO Fiscalizacao (ID_fiscalizacao,data,avaliacao,numero_espaco,numero_piso) VALUES (4,'2020-08-29',1,2,2);
INSERT INTO Fiscalizacao (ID_fiscalizacao,data,avaliacao,numero_espaco,numero_piso) VALUES (5,'2020-06-18',4,4,0);
INSERT INTO Fiscalizacao (ID_fiscalizacao,data,avaliacao,numero_espaco,numero_piso) VALUES (6,'2019-02-23',4,3,2);
INSERT INTO Fiscalizacao (ID_fiscalizacao,data,avaliacao,numero_espaco,numero_piso) VALUES (7,'2019-06-11',3,1,1);
INSERT INTO Fiscalizacao (ID_fiscalizacao,data,avaliacao,numero_espaco,numero_piso) VALUES (8,'2020-06-29',2,3,0);
INSERT INTO Fiscalizacao (ID_fiscalizacao,data,avaliacao,numero_espaco,numero_piso) VALUES (9,'2019-01-14',2,4,0);
INSERT INTO Fiscalizacao (ID_fiscalizacao,data,avaliacao,numero_espaco,numero_piso) VALUES (10,'2020-01-22',4,3,0);
INSERT INTO Fiscalizacao (ID_fiscalizacao,data,avaliacao,numero_espaco,numero_piso) VALUES (11,'2019-11-06',2,4,2);
INSERT INTO Fiscalizacao (ID_fiscalizacao,data,avaliacao,numero_espaco,numero_piso) VALUES (12,'2019-01-08',2,4,0);
INSERT INTO Fiscalizacao (ID_fiscalizacao,data,avaliacao,numero_espaco,numero_piso) VALUES (13,'2020-11-29',1,5,2);
INSERT INTO Fiscalizacao (ID_fiscalizacao,data,avaliacao,numero_espaco,numero_piso) VALUES (14,'2020-12-27',2,3,1);
INSERT INTO Fiscalizacao (ID_fiscalizacao,data,avaliacao,numero_espaco,numero_piso) VALUES (15,'2019-09-28',5,3,0);
INSERT INTO Fiscalizacao (ID_fiscalizacao,data,avaliacao,numero_espaco,numero_piso) VALUES (16,'2020-12-17',5,4,0);
INSERT INTO Fiscalizacao (ID_fiscalizacao,data,avaliacao,numero_espaco,numero_piso) VALUES (17,'2019-11-09',5,4,0);
INSERT INTO Fiscalizacao (ID_fiscalizacao,data,avaliacao,numero_espaco,numero_piso) VALUES (18,'2019-10-16',2,2,1);
INSERT INTO Fiscalizacao (ID_fiscalizacao,data,avaliacao,numero_espaco,numero_piso) VALUES (19,'2020-09-11',1,3,1);
INSERT INTO Fiscalizacao (ID_fiscalizacao,data,avaliacao,numero_espaco,numero_piso) VALUES (20,'2020-02-26',4,4,1);
INSERT INTO Fiscalizacao (ID_fiscalizacao,data,avaliacao,numero_espaco,numero_piso) VALUES (21,'2020-07-06',2,1,2);
INSERT INTO Fiscalizacao (ID_fiscalizacao,data,avaliacao,numero_espaco,numero_piso) VALUES (22,'2019-07-30',5,2,2);
INSERT INTO Fiscalizacao (ID_fiscalizacao,data,avaliacao,numero_espaco,numero_piso) VALUES (23,'2019-03-03',4,4,0);
INSERT INTO Fiscalizacao (ID_fiscalizacao,data,avaliacao,numero_espaco,numero_piso) VALUES (24,'2019-06-18',2,5,1);
INSERT INTO Fiscalizacao (ID_fiscalizacao,data,avaliacao,numero_espaco,numero_piso) VALUES (25,'2019-01-04',1,2,2);
INSERT INTO Fiscalizacao (ID_fiscalizacao,data,avaliacao,numero_espaco,numero_piso) VALUES (26,'2020-01-04',1,3,1);
INSERT INTO Fiscalizacao (ID_fiscalizacao,data,avaliacao,numero_espaco,numero_piso) VALUES (27,'2020-09-01',4,3,2);
INSERT INTO Fiscalizacao (ID_fiscalizacao,data,avaliacao,numero_espaco,numero_piso) VALUES (28,'2020-05-24',2,2,1);
INSERT INTO Fiscalizacao (ID_fiscalizacao,data,avaliacao,numero_espaco,numero_piso) VALUES (29,'2020-12-18',4,4,0);
INSERT INTO Fiscalizacao (ID_fiscalizacao,data,avaliacao,numero_espaco,numero_piso) VALUES (30,'2019-10-21',5,3,2);
INSERT INTO Fiscalizacao (ID_fiscalizacao,data,avaliacao,numero_espaco,numero_piso) VALUES (31,'2020-02-29',5,5,1);
INSERT INTO Fiscalizacao (ID_fiscalizacao,data,avaliacao,numero_espaco,numero_piso) VALUES (32,'2019-07-16',1,3,2);
INSERT INTO Fiscalizacao (ID_fiscalizacao,data,avaliacao,numero_espaco,numero_piso) VALUES (33,'2019-02-05',2,4,0);
INSERT INTO Fiscalizacao (ID_fiscalizacao,data,avaliacao,numero_espaco,numero_piso) VALUES (34,'2020-06-25',2,3,0);
INSERT INTO Fiscalizacao (ID_fiscalizacao,data,avaliacao,numero_espaco,numero_piso) VALUES (35,'2019-11-23',4,3,2);
INSERT INTO Fiscalizacao (ID_fiscalizacao,data,avaliacao,numero_espaco,numero_piso) VALUES (36,'2019-11-25',2,2,1);
INSERT INTO Fiscalizacao (ID_fiscalizacao,data,avaliacao,numero_espaco,numero_piso) VALUES (37,'2020-02-17',3,3,1);
INSERT INTO Fiscalizacao (ID_fiscalizacao,data,avaliacao,numero_espaco,numero_piso) VALUES (38,'2020-03-25',3,4,2);
INSERT INTO Fiscalizacao (ID_fiscalizacao,data,avaliacao,numero_espaco,numero_piso) VALUES (39,'2020-03-21',5,3,0);
INSERT INTO Fiscalizacao (ID_fiscalizacao,data,avaliacao,numero_espaco,numero_piso) VALUES (40,'2020-12-24',1,3,0);
INSERT INTO Fiscalizacao (ID_fiscalizacao,data,avaliacao,numero_espaco,numero_piso) VALUES (41,'2020-04-15',3,4,1);
INSERT INTO Fiscalizacao (ID_fiscalizacao,data,avaliacao,numero_espaco,numero_piso) VALUES (42,'2020-03-27',2,5,2);
INSERT INTO Fiscalizacao (ID_fiscalizacao,data,avaliacao,numero_espaco,numero_piso) VALUES (43,'2019-11-20',4,3,2);
INSERT INTO Fiscalizacao (ID_fiscalizacao,data,avaliacao,numero_espaco,numero_piso) VALUES (44,'2019-07-15',2,3,2);
INSERT INTO Fiscalizacao (ID_fiscalizacao,data,avaliacao,numero_espaco,numero_piso) VALUES (45,'2020-11-06',4,2,2);
INSERT INTO Fiscalizacao (ID_fiscalizacao,data,avaliacao,numero_espaco,numero_piso) VALUES (46,'2020-01-13',2,3,2);
INSERT INTO Fiscalizacao (ID_fiscalizacao,data,avaliacao,numero_espaco,numero_piso) VALUES (47,'2020-08-24',3,1,2);
INSERT INTO Fiscalizacao (ID_fiscalizacao,data,avaliacao,numero_espaco,numero_piso) VALUES (48,'2020-09-27',3,5,2);
INSERT INTO Fiscalizacao (ID_fiscalizacao,data,avaliacao,numero_espaco,numero_piso) VALUES (49,'2019-06-18',5,4,0);
INSERT INTO Fiscalizacao (ID_fiscalizacao,data,avaliacao,numero_espaco,numero_piso) VALUES (50,'2020-03-15',4,1,0);

--RECEITAS DO ESTACIONAMENTO
INSERT INTO Receita_Estacionamento (mes,ano,numero_estacionamento) VALUES (10,2020,-2);
INSERT INTO Receita_Estacionamento (mes,ano,numero_estacionamento) VALUES (12,2018,-2);
INSERT INTO Receita_Estacionamento (mes,ano,numero_estacionamento) VALUES (7,2017,-2);
INSERT INTO Receita_Estacionamento (mes,ano,numero_estacionamento) VALUES (11,2018,-1);
INSERT INTO Receita_Estacionamento (mes,ano,numero_estacionamento) VALUES (4,2019,-2);
INSERT INTO Receita_Estacionamento (mes,ano,numero_estacionamento) VALUES (9,2017,-2);
INSERT INTO Receita_Estacionamento (mes,ano,numero_estacionamento) VALUES (5,2018,-2);
INSERT INTO Receita_Estacionamento (mes,ano,numero_estacionamento) VALUES (10,2019,-1);
INSERT INTO Receita_Estacionamento (mes,ano,numero_estacionamento) VALUES (11,2017,-2);
INSERT INTO Receita_Estacionamento (mes,ano,numero_estacionamento) VALUES (1,2021,-1);
INSERT INTO Receita_Estacionamento (mes,ano,numero_estacionamento) VALUES (6,2018,-1);
INSERT INTO Receita_Estacionamento (mes,ano,numero_estacionamento) VALUES (2,2018,-1);
INSERT INTO Receita_Estacionamento (mes,ano,numero_estacionamento) VALUES (5,2018,-1);
INSERT INTO Receita_Estacionamento (mes,ano,numero_estacionamento) VALUES (2,2021,-2);
INSERT INTO Receita_Estacionamento (mes,ano,numero_estacionamento) VALUES (3,2018,-2);
INSERT INTO Receita_Estacionamento (mes,ano,numero_estacionamento) VALUES (10,2018,-2);
INSERT INTO Receita_Estacionamento (mes,ano,numero_estacionamento) VALUES (8,2017,-1);
INSERT INTO Receita_Estacionamento (mes,ano,numero_estacionamento) VALUES (4,2020,-1);
INSERT INTO Receita_Estacionamento (mes,ano,numero_estacionamento) VALUES (3,2021,-2);
INSERT INTO Receita_Estacionamento (mes,ano,numero_estacionamento) VALUES (6,2019,-1);
INSERT INTO Receita_Estacionamento (mes,ano,numero_estacionamento) VALUES (1,2021,-2);
INSERT INTO Receita_Estacionamento (mes,ano,numero_estacionamento) VALUES (2,2021,-1);
INSERT INTO Receita_Estacionamento (mes,ano,numero_estacionamento) VALUES (11,2019,-1);
INSERT INTO Receita_Estacionamento (mes,ano,numero_estacionamento) VALUES (4,2017,-1);
INSERT INTO Receita_Estacionamento (mes,ano,numero_estacionamento) VALUES (7,2019,-1);
INSERT INTO Receita_Estacionamento (mes,ano,numero_estacionamento) VALUES (1,2017,-2);
INSERT INTO Receita_Estacionamento (mes,ano,numero_estacionamento) VALUES (1,2019,-2);
INSERT INTO Receita_Estacionamento (mes,ano,numero_estacionamento) VALUES (9,2019,-1);
INSERT INTO Receita_Estacionamento (mes,ano,numero_estacionamento) VALUES (9,2020,-1);
INSERT INTO Receita_Estacionamento (mes,ano,numero_estacionamento) VALUES (4,2018,-2);
INSERT INTO Receita_Estacionamento (mes,ano,numero_estacionamento) VALUES (3,2020,-1);
INSERT INTO Receita_Estacionamento (mes,ano,numero_estacionamento) VALUES (3,2019,-1);
INSERT INTO Receita_Estacionamento (mes,ano,numero_estacionamento) VALUES (2,2017,-1);
INSERT INTO Receita_Estacionamento (mes,ano,numero_estacionamento) VALUES (6,2019,-2);
INSERT INTO Receita_Estacionamento (mes,ano,numero_estacionamento) VALUES (4,2018,-1);
INSERT INTO Receita_Estacionamento (mes,ano,numero_estacionamento) VALUES (3,2018,-1);
INSERT INTO Receita_Estacionamento (mes,ano,numero_estacionamento) VALUES (6,2017,-2);
INSERT INTO Receita_Estacionamento (mes,ano,numero_estacionamento) VALUES (5,2020,-1);
INSERT INTO Receita_Estacionamento (mes,ano,numero_estacionamento) VALUES (11,2020,-2);
INSERT INTO Receita_Estacionamento (mes,ano,numero_estacionamento) VALUES (1,2018,-2);
INSERT INTO Receita_Estacionamento (mes,ano,numero_estacionamento) VALUES (3,2019,-2);
INSERT INTO Receita_Estacionamento (mes,ano,numero_estacionamento) VALUES (8,2019,-2);
INSERT INTO Receita_Estacionamento (mes,ano,numero_estacionamento) VALUES (4,2019,-1);
INSERT INTO Receita_Estacionamento (mes,ano,numero_estacionamento) VALUES (2,2019,-1);
INSERT INTO Receita_Estacionamento (mes,ano,numero_estacionamento) VALUES (2,39,-1); 

--BILHETES
INSERT INTO Bilhete (data,hora_entrada,minuto_entrada,hora_saida,minuto_saida,numero_estacionamento) VALUES ('2019-07-20',12,13,16,57,-2);
INSERT INTO Bilhete (data,hora_entrada,minuto_entrada,hora_saida,minuto_saida,numero_estacionamento) VALUES ('2020-09-25',8,33,8,53,-2);
INSERT INTO Bilhete (data,hora_entrada,minuto_entrada,hora_saida,minuto_saida,numero_estacionamento) VALUES ('2019-08-29',6,39,18,20,-1);
INSERT INTO Bilhete (data,hora_entrada,minuto_entrada,hora_saida,minuto_saida,numero_estacionamento) VALUES ('2020-08-05',7,11,12,37,-1);
INSERT INTO Bilhete (data,hora_entrada,minuto_entrada,hora_saida,minuto_saida,numero_estacionamento) VALUES ('2020-07-17',11,13,17,3,-1);
INSERT INTO Bilhete (data,hora_entrada,minuto_entrada,hora_saida,minuto_saida,numero_estacionamento) VALUES ('2020-10-02',6,9,18,15,-1);
INSERT INTO Bilhete (data,hora_entrada,minuto_entrada,hora_saida,minuto_saida,numero_estacionamento) VALUES ('2020-04-12',6,52,11,35,-1);
INSERT INTO Bilhete (data,hora_entrada,minuto_entrada,hora_saida,minuto_saida,numero_estacionamento) VALUES ('2020-11-07',6,40,22,14,-2);
INSERT INTO Bilhete (data,hora_entrada,minuto_entrada,hora_saida,minuto_saida,numero_estacionamento) VALUES ('2019-04-26',18,10,18,17,-1);
INSERT INTO Bilhete (data,hora_entrada,minuto_entrada,hora_saida,minuto_saida,numero_estacionamento) VALUES ('2019-03-22',15,17,18,53,-2);
INSERT INTO Bilhete (data,hora_entrada,minuto_entrada,hora_saida,minuto_saida,numero_estacionamento) VALUES ('2020-01-26',11,52,14,27,-1);
INSERT INTO Bilhete (data,hora_entrada,minuto_entrada,hora_saida,minuto_saida,numero_estacionamento) VALUES ('2020-02-03',6,57,15,42,-1);
INSERT INTO Bilhete (data,hora_entrada,minuto_entrada,hora_saida,minuto_saida,numero_estacionamento) VALUES ('2020-06-23',6,30,20,56,-1);
INSERT INTO Bilhete (data,hora_entrada,minuto_entrada,hora_saida,minuto_saida,numero_estacionamento) VALUES ('2020-04-18',14,52,18,16,-1);
INSERT INTO Bilhete (data,hora_entrada,minuto_entrada,hora_saida,minuto_saida,numero_estacionamento) VALUES ('2020-12-09',20,36,23,21,-2);
INSERT INTO Bilhete (data,hora_entrada,minuto_entrada,hora_saida,minuto_saida,numero_estacionamento) VALUES ('2019-11-03',6,50,12,13,-2);
INSERT INTO Bilhete (data,hora_entrada,minuto_entrada,hora_saida,minuto_saida,numero_estacionamento) VALUES ('2020-08-23',17,5,19,15,-2);
INSERT INTO Bilhete (data,hora_entrada,minuto_entrada,hora_saida,minuto_saida,numero_estacionamento) VALUES ('2019-02-22',6,2,15,54,-2);
INSERT INTO Bilhete (data,hora_entrada,minuto_entrada,hora_saida,minuto_saida,numero_estacionamento) VALUES ('2019-08-31',6,27,11,10,-2);
INSERT INTO Bilhete (data,hora_entrada,minuto_entrada,hora_saida,minuto_saida,numero_estacionamento) VALUES ('2020-03-10',6,57,19,55,-1);
INSERT INTO Bilhete (data,hora_entrada,minuto_entrada,hora_saida,minuto_saida,numero_estacionamento) VALUES ('2020-07-13',8,22,18,18,-1);
INSERT INTO Bilhete (data,hora_entrada,minuto_entrada,hora_saida,minuto_saida,numero_estacionamento) VALUES ('2020-01-23',18,54,20,37,-1);
INSERT INTO Bilhete (data,hora_entrada,minuto_entrada,hora_saida,minuto_saida,numero_estacionamento) VALUES ('2020-03-22',6,36,8,57,-1);
INSERT INTO Bilhete (data,hora_entrada,minuto_entrada,hora_saida,minuto_saida,numero_estacionamento) VALUES ('2019-11-18',6,42,15,12,-1);
INSERT INTO Bilhete (data,hora_entrada,minuto_entrada,hora_saida,minuto_saida,numero_estacionamento) VALUES ('2019-12-31',8,50,22,6,-1);
INSERT INTO Bilhete (data,hora_entrada,minuto_entrada,hora_saida,minuto_saida,numero_estacionamento) VALUES ('2019-10-03',11,56,20,4,-1);
INSERT INTO Bilhete (data,hora_entrada,minuto_entrada,hora_saida,minuto_saida,numero_estacionamento) VALUES ('2020-11-24',7,12,13,23,-2);
INSERT INTO Bilhete (data,hora_entrada,minuto_entrada,hora_saida,minuto_saida,numero_estacionamento) VALUES ('2020-08-27',7,31,10,57,-1);
INSERT INTO Bilhete (data,hora_entrada,minuto_entrada,hora_saida,minuto_saida,numero_estacionamento) VALUES ('2020-06-27',10,15,18,24,-2);
INSERT INTO Bilhete (data,hora_entrada,minuto_entrada,hora_saida,minuto_saida,numero_estacionamento) VALUES ('2020-03-04',7,14,19,24,-1);
INSERT INTO Bilhete (data,hora_entrada,minuto_entrada,hora_saida,minuto_saida,numero_estacionamento) VALUES ('2019-12-15',15,6,15,22,-2);
INSERT INTO Bilhete (data,hora_entrada,minuto_entrada,hora_saida,minuto_saida,numero_estacionamento) VALUES ('2020-04-09',12,37,16,57,-2);
INSERT INTO Bilhete (data,hora_entrada,minuto_entrada,hora_saida,minuto_saida,numero_estacionamento) VALUES ('2020-07-28',11,15,11,34,-1);
INSERT INTO Bilhete (data,hora_entrada,minuto_entrada,hora_saida,minuto_saida,numero_estacionamento) VALUES ('2019-01-24',11,53,20,20,-2);
INSERT INTO Bilhete (data,hora_entrada,minuto_entrada,hora_saida,minuto_saida,numero_estacionamento) VALUES ('2019-03-28',11,22,13,1,-2);
INSERT INTO Bilhete (data,hora_entrada,minuto_entrada,hora_saida,minuto_saida,numero_estacionamento) VALUES ('2020-07-30',6,15,6,15,-2);
INSERT INTO Bilhete (data,hora_entrada,minuto_entrada,hora_saida,minuto_saida,numero_estacionamento) VALUES ('2020-06-01',17,32,20,45,-1);
INSERT INTO Bilhete (data,hora_entrada,minuto_entrada,hora_saida,minuto_saida,numero_estacionamento) VALUES ('2019-10-03',6,30,12,1,-2);
INSERT INTO Bilhete (data,hora_entrada,minuto_entrada,hora_saida,minuto_saida,numero_estacionamento) VALUES ('2020-09-21',14,42,14,56,-2);
INSERT INTO Bilhete (data,hora_entrada,minuto_entrada,hora_saida,minuto_saida,numero_estacionamento) VALUES ('2019-06-21',6,20,10,22,-1);
INSERT INTO Bilhete (data,hora_entrada,minuto_entrada,hora_saida,minuto_saida,numero_estacionamento) VALUES ('2019-11-29',18,35,23,35,-1);
INSERT INTO Bilhete (data,hora_entrada,minuto_entrada,hora_saida,minuto_saida,numero_estacionamento) VALUES ('2020-02-13',18,50,23,2,-2);
INSERT INTO Bilhete (data,hora_entrada,minuto_entrada,hora_saida,minuto_saida,numero_estacionamento) VALUES ('2019-03-22',6,30,6,30,-2);
INSERT INTO Bilhete (data,hora_entrada,minuto_entrada,hora_saida,minuto_saida,numero_estacionamento) VALUES ('2020-02-06',13,6,13,11,-1);
INSERT INTO Bilhete (data,hora_entrada,minuto_entrada,hora_saida,minuto_saida,numero_estacionamento) VALUES ('2020-01-27',16,18,22,31,-2);
INSERT INTO Bilhete (data,hora_entrada,minuto_entrada,hora_saida,minuto_saida,numero_estacionamento) VALUES ('2019-03-26',17,55,21,10,-1);
INSERT INTO Bilhete (data,hora_entrada,minuto_entrada,hora_saida,minuto_saida,numero_estacionamento) VALUES ('2019-12-02',17,20,23,10,-2);
INSERT INTO Bilhete (data,hora_entrada,minuto_entrada,hora_saida,minuto_saida,numero_estacionamento) VALUES ('2020-11-09',20,37,22,11,-1);
INSERT INTO Bilhete (data,hora_entrada,minuto_entrada,hora_saida,minuto_saida,numero_estacionamento) VALUES ('2020-10-22',6,16,14,23,-1);
INSERT INTO Bilhete (data,hora_entrada,minuto_entrada,hora_saida,minuto_saida,numero_estacionamento) VALUES ('2020-12-24',12,42,13,52,-2);
INSERT INTO Bilhete (hora_entrada,minuto_entrada,hora_saida,minuto_saida,numero_estacionamento) VALUES (16,9,21,8,-1);
INSERT INTO Bilhete (hora_entrada,minuto_entrada,hora_saida,minuto_saida,numero_estacionamento) VALUES (16,9,21,8,-1);
INSERT INTO Bilhete (data,hora_entrada,minuto_entrada,hora_saida,minuto_saida,numero_estacionamento) VALUES ('2020-09-21',22,02,22,10,-2);
INSERT INTO Bilhete (data,hora_entrada,minuto_entrada,hora_saida,minuto_saida,numero_estacionamento) VALUES ('2020-09-21',21,10,22,08,-2);
INSERT INTO Bilhete (data,hora_entrada,minuto_entrada,hora_saida,minuto_saida,numero_estacionamento) VALUES ('2020-09-21',22,27,22,50,-2);
INSERT INTO Bilhete (data,hora_entrada,minuto_entrada,hora_saida,minuto_saida,numero_estacionamento) VALUES ('2020-09-21',22,48,22,52,-2);

INSERT INTO Evento (nome_evento,data_evento,hora,lotacao,duracao,preco_bilhetes,preco_realizacao,bilhetes_vendidos) VALUES ('Oxxa Desfile de Modelos','2020-07-11',21,400,90,10.0,300.0,100);
INSERT INTO Evento (nome_evento,data_evento,hora,lotacao,duracao,preco_bilhetes,preco_realizacao,bilhetes_vendidos) VALUES ('Arménio Rosa - Vida e Obra','2020-09-21',21,400,60,8.0,300.0,150);
INSERT INTO Evento (nome_evento,data_evento,hora,lotacao,duracao,preco_bilhetes,preco_realizacao,bilhetes_vendidos) VALUES ('Os Caricas 2','2017-12-10',16,200,60,5.0,200.0,200);
INSERT INTO Evento (nome_evento,data_evento,hora,lotacao,duracao,preco_bilhetes,preco_realizacao,bilhetes_vendidos) VALUES ('Natal Feliz com a Margarida','2015-12-21',15,100,60,1.0,-100.0,92);
INSERT INTO Evento (nome_evento,data_evento,hora,lotacao,duracao,preco_bilhetes) VALUES ('Os Caricas 3','2022-08-15',16,300,60,5.0);
INSERT INTO Evento (nome_evento,data_evento,hora,lotacao,duracao,preco_bilhetes,preco_realizacao,bilhetes_vendidos) VALUES ('Exposiçao de Arte Don Quixote','2021-02-25',14,50,300,20.0,300.0,45);
INSERT INTO Evento (nome_evento,data_evento,hora,lotacao,duracao,preco_bilhetes,preco_realizacao,bilhetes_vendidos) VALUES ('Peppa Pig e Amigos - Teatro Infantil','2021-01-15',10,80,30,0,300.0,77);
INSERT INTO Evento (nome_evento,data_evento,hora,lotacao,duracao,preco_bilhetes,preco_realizacao,bilhetes_vendidos) VALUES ('O Manel perdeu a bola','2010-05-15',10,80,30,0,300.0,60);
INSERT INTO Evento (nome_evento,data_evento,hora,lotacao,duracao,preco_bilhetes,preco_realizacao,bilhetes_vendidos) VALUES ('Lançamento da etapa do Rali de Portugal','2021-01-15',16,300,60,1.0,200.0,180);

--EVENTO_PISOS
INSERT INTO Evento_Piso (nome_evento,data_evento,numero_piso) VALUES ('Exposiçao de Arte Don Quixote','2021-02-25',1);
INSERT INTO Evento_Piso (nome_evento,data_evento,numero_piso) VALUES ('Exposiçao de Arte Don Quixote','2021-02-25',0);
INSERT INTO Evento_Piso (nome_evento,data_evento,numero_piso) VALUES ('Oxxa Desfile de Modelos','2020-07-11',2);
INSERT INTO Evento_Piso (nome_evento,data_evento,numero_piso) VALUES ('Os Caricas 2','2017-12-10',0);
INSERT INTO Evento_Piso (nome_evento,data_evento,numero_piso) VALUES ('Lançamento da etapa do Rali de Portugal','2021-01-15',0);
INSERT INTO Evento_Piso (nome_evento,data_evento,numero_piso) VALUES ('Lançamento da etapa do Rali de Portugal','2021-01-15',1);
INSERT INTO Evento_Piso (nome_evento,data_evento,numero_piso) VALUES ('Lançamento da etapa do Rali de Portugal','2021-01-15',2);
INSERT INTO Evento_Piso (nome_evento,data_evento,numero_piso) VALUES ('Lançamento da etapa do Rali de Portugal','2021-01-15',-1);
INSERT INTO Evento_Piso (nome_evento,data_evento,numero_piso) VALUES ('Lançamento da etapa do Rali de Portugal','2021-01-15',-2);
INSERT INTO Evento_Piso (nome_evento,data_evento,numero_piso) VALUES ('Natal Feliz com a Margarida','2015-12-21',1);
INSERT INTO Evento_Piso (nome_evento,data_evento,numero_piso) VALUES ('Os Caricas 3','2022-08-15',1);
INSERT INTO Evento_Piso (nome_evento,data_evento,numero_piso) VALUES ('Peppa Pig e Amigos - Teatro Infantil','2021-01-15',1);
INSERT INTO Evento_Piso (nome_evento,data_evento,numero_piso) VALUES ('O Manel perdeu a bola','2010-05-15',1);
INSERT INTO Evento_Piso (nome_evento,data_evento,numero_piso) VALUES ('Arménio Rosa - Vida e Obra','2020-09-21',1);
INSERT INTO Evento_Piso (nome_evento,data_evento,numero_piso) VALUES ('Arménio Rosa - Vida e Obra','2020-09-21',2);
INSERT INTO Evento_Piso (nome_evento,data_evento,numero_piso) VALUES ('Arménio Rosa - Vida e Obra','2020-09-21',0);
INSERT INTO Evento_Piso (nome_evento,data_evento,numero_piso) VALUES ('Arménio Rosa - Vida e Obra','2020-09-21',-1);
INSERT INTO Evento_Piso (nome_evento,data_evento,numero_piso) VALUES ('Arménio Rosa - Vida e Obra','2020-09-21',-2);
